排名,股票名稱,狀態,基準日股數,最新日股數,股數增減率(%),持股權重,基準日期,最新日期
[最近一日] 2026-10-02 -> 2026-10-05,,,,,,,,
,--- 股數增加 Top 10 ---,,,,,,,
1,國巨*,持有,8000000,8400000,5.0,3.53%,2026-10-02,2026-10-05
2,景碩,持有,4310000,4450000,3.25,3.27%,2026-10-02,2026-10-05
,,,,,,,,
,--- 股數減少 Top 10 ---,,,,,,,
1,致茂,持有,15000,1000,-93.33,0%,2026-10-02,2026-10-05
2,強茂,持有,2000000,1300000,-35.0,0.16%,2026-10-02,2026-10-05
3,聯電,持有,52000000,38000000,-26.92,3.89%,2026-10-02,2026-10-05
,,,,,,,,
,--- 新增股票 (0 檔) ---,,,,,,,
,（無）,,,,,,,
,,,,,,,,
,--- 移除股票 (0 檔) ---,,,,,,,
,（無）,,,,,,,
,,,,,,,,
,,,,,,,,
[最近一周] 2026-09-24 -> 2026-10-05,,,,,,,,
,--- 股數增加 Top 10 ---,,,,,,,
1,貿聯-KY,持有,1293000,1460000,12.92,2.44%,2026-09-24,2026-10-05
2,高力,持有,1625000,1800000,10.77,1.93%,2026-09-24,2026-10-05
3,國巨*,持有,8000000,8400000,5.0,3.53%,2026-09-24,2026-10-05
4,南電,持有,2900000,3010000,3.79,3.02%,2026-09-24,2026-10-05
5,景碩,持有,4310000,4450000,3.25,3.27%,2026-09-24,2026-10-05
6,環球晶,持有,2800000,2824000,0.86,2.24%,2026-09-24,2026-10-05
,,,,,,,,
,--- 股數減少 Top 10 ---,,,,,,,
1,致茂,持有,310000,1000,-99.68,0%,2026-09-24,2026-10-05
2,富世達,持有,840000,350000,-58.33,0.58%,2026-09-24,2026-10-05
3,強茂,持有,3000000,1300000,-56.67,0.16%,2026-09-24,2026-10-05
4,金居,持有,100000,50000,-50.0,0.02%,2026-09-24,2026-10-05
5,大立光,持有,280000,200000,-28.57,0.9%,2026-09-24,2026-10-05
6,聯電,持有,52000000,38000000,-26.92,3.89%,2026-09-24,2026-10-05
7,奇鋐,持有,2850000,2100000,-26.32,5.06%,2026-09-24,2026-10-05
8,全新,持有,386000,300000,-22.28,0.12%,2026-09-24,2026-10-05
9,智邦,持有,1900000,1600000,-15.79,2.23%,2026-09-24,2026-10-05
10,旺矽,持有,1100000,930000,-15.45,3.45%,2026-09-24,2026-10-05
,,,,,,,,
,--- 新增股票 (0 檔) ---,,,,,,,
,（無）,,,,,,,
,,,,,,,,
,--- 移除股票 (0 檔) ---,,,,,,,
,（無）,,,,,,,
,,,,,,,,
,,,,,,,,
[最近一月] 2026-09-03 -> 2026-10-05,,,,,,,,
,--- 股數增加 Top 10 ---,,,,,,,
1,京元電子,持有,1700000,4000000,135.29,0.79%,2026-09-03,2026-10-05
2,川湖,持有,35000,75000,114.29,0.67%,2026-09-03,2026-10-05
3,聯鈞,持有,1100000,1500000,36.36,0.55%,2026-09-03,2026-10-05
4,景碩,持有,3400000,4450000,30.88,3.27%,2026-09-03,2026-10-05
5,南電,持有,2640000,3010000,14.02,3.02%,2026-09-03,2026-10-05
6,貿聯-KY,持有,1293000,1460000,12.92,2.44%,2026-09-03,2026-10-05
7,台達電,持有,2750000,2900000,5.45,3.9%,2026-09-03,2026-10-05
8,國巨*,持有,8000000,8400000,5.0,3.53%,2026-09-03,2026-10-05
9,聯發科,持有,2110000,2210000,4.74,7.66%,2026-09-03,2026-10-05
10,高力,持有,1737000,1800000,3.63,1.93%,2026-09-03,2026-10-05
,,,,,,,,
,--- 股數減少 Top 10 ---,,,,,,,
1,華邦電,持有,5000000,1000,-99.98,0%,2026-09-03,2026-10-05
2,日月光投控,持有,4500000,1000,-99.98,0%,2026-09-03,2026-10-05
3,力成,持有,5360000,1000,-99.98,0%,2026-09-03,2026-10-05
4,旺宏,持有,2000000,1000,-99.95,0%,2026-09-03,2026-10-05
5,致茂,持有,1000000,1000,-99.9,0%,2026-09-03,2026-10-05
6,欣銓,持有,700000,1000,-99.86,0%,2026-09-03,2026-10-05
7,漢唐,持有,250000,1000,-99.6,0%,2026-09-03,2026-10-05
8,鴻勁,持有,130000,1000,-99.23,0%,2026-09-03,2026-10-05
9,金居,持有,400000,50000,-87.5,0.02%,2026-09-03,2026-10-05
10,大立光,持有,810000,200000,-75.31,0.9%,2026-09-03,2026-10-05
,,,,,,,,
,--- 新增股票 (1 檔) ---,,,,,,,
,南亞科,新增,,2800000,∞,1%,2026-09-03,2026-10-05
,,,,,,,,
,--- 移除股票 (2 檔) ---,,,,,,,
,嘉澤,移除,250000,,-100.0,,2026-09-03,2026-10-05
,譜瑞-KY,移除,16000,,-100.0,,2026-09-03,2026-10-05
